{"cameraMode":{"drawMode":0,"name":"Shaded","section":"Shading Mode"},"sceneLighting":false,"audioPlay":false,"sceneViewState":{"showFog":true,"showMaterialUpdate":true,"showSkybox":true,"showFlares":true,"showImageEffects":true,"showParticleSystems":true},"in2DMode":false,"pivot":{"x":-0.035431742668151858,"y":0.5573921203613281,"z":0.21885299682617188},"rotation":{"x":-0.01049047987908125,"y":-0.03508558124303818,"z":-0.00019484819495119154,"w":0.9993817210197449},"size":9.539401054382325,"orthographic":false}